{
    "loss": 1.0594021081924438,
    "accuracy": 0.7482014298439026
}