{
    "loss": 0.09499935805797577,
    "accuracy": 0.9496402740478516
}